307,/ac-p-s,https://seankhliao.com/?utm_campaign=seankhliao&utm_medium=profile&utm_source=angelco
307,/cv-p-s,https://seankhliao.com/?utm_campaign=seankhliao&utm_medium=profile&utm_source=cv
307,/fb-p-s,https://seankhliao.com/?utm_campaign=seankhliao&utm_medium=profile&utm_source=facebook
307,/gh-p-er,https://seankhliao.com/?utm_campaign=erred&utm_medium=profile&utm_source=github
307,/gh-p-sd,https://seankhliao.com/?utm_campaign=sean-dbk&utm_medium=profile&utm_source=github
307,/gh-p-s,https://seankhliao.com/?utm_campaign=seankhliao&utm_medium=profile&utm_source=github
307,/gh-r-er,https://seankhliao.com/?utm_campaign=erred&utm_medium=readme&utm_source=github
307,/gh-r-sd,https://seankhliao.com/?utm_campaign=sean-dbk&utm_medium=readme&utm_source=github
307,/gh-r-s,https://seankhliao.com/?utm_campaign=seankhliao&utm_medium=readme&utm_source=github
307,/gh-s-er,https://seankhliao.com/?utm_campaign=erred&utm_medium=site&utm_source=github
307,/gh-s-sd,https://seankhliao.com/?utm_campaign=sean-dbk&utm_medium=site&utm_source=github
307,/gh-s-s,https://seankhliao.com/?utm_campaign=seankhliao&utm_medium=site&utm_source=github
307,/g-p-s,https://seankhliao.com/?utm_campaign=seankhliao&utm_medium=profile&utm_source=google
307,/ig-p-s,https://seankhliao.com/?utm_campaign=seankhliao&utm_medium=profile&utm_source=instagram
307,/li-r-s,https://seankhliao.com/?utm_campaign=seankhliao&utm_medium=readme&utm_source=linkedin
307,/li-p-s,https://seankhliao.com/?utm_campaign=seankhliao&utm_medium=profile&utm_source=linkedin
307,/mtd-p-s,https://seankhliao.com/?utm_campaign=seankhliao&utm_medium=profile&utm_source=mastodon
307,/sl-p-gophers,https://seankhliao.com/?utm_campaign=gophers&utm_medium=profile&utm_source=slack
307,/tw-p-s,https://seankhliao.com/?utm_campaign=seankhliao&utm_medium=profile&utm_source=twitter
307,/w-s-liadev,https://seankhliao.com/?utm_campaign=liadev&utm_medium=site&utm_source=web
307,/yt-p-s,https://seankhliao.com/?utm_campaign=seankhliao&utm_medium=profile&utm_source=youtube
